{
  "activate_patient.py": 1752979550.2927418,
  "manage.py": 1752888136.1935008,
  "test_api.py": 1752980079.7623744,
  "fix_doctor_groups.py": 1752976906.4277732,
  "hospitalmanagement/asgi.py": 1752888136.1930428,
  "hospitalmanagement/__init__.py": 1752888136.192962,
  "hospitalmanagement/settings.py": 1774168965.2245014,
  "hospitalmanagement/urls.py": 1774167235.703594,
  "hospitalmanagement/wsgi.py": 1752888136.193426,
  "hospital/models.py": 1774168953.8671854,
  "hospital/serializers.py": 1774168931.1943808,
  "hospital/__init__.py": 1752888136.1909308,
  "hospital/api_urls.py": 1774168971.1913044,
  "hospital/apps.py": 1752888136.1911335,
  "hospital/forms.py": 1774169732.2585537,
  "hospital/api_views.py": 1774168977.4887154,
  "hospital/admin.py": 1752888136.191072,
  "hospital/views.py": 1774169749.5340037,
  "hospital/templatetags/custom_filters.py": 1774109947.809661,
  "hospital/templatetags/__init__.py": 1774109947.537806,
  "hospital/migrations/0002_remove_doctor_specialties_alter_medicalrecord_doctor.py": 1774168076.675398,
  "hospital/migrations/__init__.py": 1752888136.192555,
  "hospital/migrations/0004_alter_patient_assigneddoctorid_and_more.py": 1774168982.3647604,
  "hospital/migrations/0003_remove_appointment_doctorid_and_more.py": 1774168332.6857681,
  "hospital/migrations/0001_initial.py": 1774080854.628865,
  "static/vendor/jquery.3.5.1.min.js": 1774060488.4083781,
  "static/vendor/popper.1.14.7.min.js": 1774060488.4085817,
  "static/vendor/bootstrap.3.4.1.min.js": 1774060488.4061754,
  "static/vendor/bootstrap.4.3.1.min.js": 1774060488.4071531,
  "static/vendor/jquery.1.10.2.min.js": 1774060488.4075565,
  "static/vendor/jquery.3.3.1.min.js": 1774060488.4079583,
  "API_Documentation.md": 1774169209.0103407,
  "TROUBLESHOOTING.md": 1774170926.3655534,
  "PROGRESS.md": 1774170942.5257964,
  "README.md": 1774067047.3782415,
  "\u9700\u6c42\u6587\u6863.md": 1774170919.6521251,
  "\u9700\u6c42\u8349\u7a3f.md": 1774065594.7915044,
  "requirement.txt": 1774167247.6914954,
  "CLAUDE.md": 1774170896.3460076,
  "docs/admin-ui-plan.md": 1774094454.999214,
  "static/screenshots/admin_dashboard.png": 1752888136.1964881,
  "static/screenshots/invoice.png": 1752888136.199015,
  "static/screenshots/homepage.png": 1752888136.1983945,
  "static/screenshots/admin_doctor.png": 1752888136.1970644,
  "static/fontawesome/fonts/fontawesome-webfont.svg": 1755352000.0280538,
  "static/images/adminpropic.png": 1752888136.1940787,
  "static/images/briefcase.svg": 1757233498.3682952,
  "static/images/doctor.png": 1752888136.1954188,
  "static/images/gauge.svg": 1757233498.4997249,
  "static/images/patient.jpg": 1752888136.1956794,
  "static/images/calendar.svg": 1757233498.4493234,
  "static/images/admin.png": 1752888136.1938083,
  "static/images/users.svg": 1757233498.5165205,
  "static/images/bg.jpg": 1752888136.194564,
  "static/hospital/images/default-avatar.png": 1752980749.2659755,
  "static/hospital/images/default-avatar.svg": 1752976564.9461703
}